{
    "GD": 0.16607289038249382,
    "Hypervolume": 0.43839999999999985,
    "Hypervolume_opt": 0.5879999999999999
}