{
    "GD": 0.15938946574565463,
    "Hypervolume": 0.5357333333333333,
    "Hypervolume_opt": 1.172
}