{
    "GD": 0.0,
    "Hypervolume": 0.3279999999999999,
    "Hypervolume_opt": 0.3279999999999999,
    "Duration_seconds": 2.594772
}