{
    "GD": 0.4819695625201385,
    "Hypervolume": 0.7296412488488355,
    "Hypervolume_opt": 1.3970652022283492
}