{
    "GD": 0.11323850890010824,
    "Hypervolume": 1.0164055078453205,
    "Hypervolume_opt": 1.2616647156838376
}