{
    "GD": 0.20072181262875582,
    "Hypervolume": 0.8533989735351792,
    "Hypervolume_opt": 1.2601704039815673
}