{
    "GD": 0.04888888888888891,
    "Hypervolume": 0.3279999999999999,
    "Hypervolume_opt": 0.3502222222222221,
    "Duration_seconds": 0.975265
}