{
    "GD": 0.19256989476139702,
    "Hypervolume": 0.43839999999999985,
    "Hypervolume_opt": 0.5879999999999999
}