{
    "GD": 0.0388888888888889,
    "Hypervolume": 0.3279999999999999,
    "Hypervolume_opt": 0.3502222222222221,
    "Duration_seconds": 0.625491
}