{
    "GD": 0.22225153892070865,
    "Hypervolume": 0.43839999999999985,
    "Hypervolume_opt": 0.5879999999999999
}